name,gender,birthdate,address,city,state,zipcode,email,bio,job,start_date
Nathalia Moore DDS,M,2006-01-24,04078 Maximilian Brooks Suite 319,Montgomeryland,Louisiana,63077,leeann.hermann@yahoo.com,test,Tax inspector,12/31/1991
Mrs. Ottilie Grady,F,1972-03-01,6378 Gerhold Glens Suite 234,New Conortown,Massachusetts,19394,sunday99@schummgreenfelder.com,test,"Merchandiser, retail",10/84
Ignacio Kuhic,M,2004-07-25,628 Brown Mission Suite 282,East Hildegarde,Iowa,49353,smetz@ortiz.com,test,Broadcast journalist,February 2009
Ms. Suzie Luettgen,F,2006-08-19,81525 Donnelly Mountains Apt. 227,Port Luztown,New York,60325,von.elizabeth@wunsch.org,test,Early years teacher,"December 10, 1980"
Trumaine Hammes,M,1990-01-14,118 Alphonso Islands Apt. 613,Bookerberg,Connecticut,56335,schmidt.gwen@hotmail.com,test,Ranger/warden,10/07/1981
Georgie Kreiger,F,2007-05-12,9668 Schinner Branch,Ibrahimmouth,Montana,79626,vhudson@reinger.net,test,Colour technologist,Facere voluptate.
Arsenio Bernhard,M,1984-10-23,124 Brittaney Turnpike,West Jaylene,Vermont,86079,chandler.ondricka@kuhlman.com,test,"Engineer, manufacturing","June 26, 1977"
Hardie Armstrong,F,1976-05-12,5444 Dossie Rapid,West Floy,Virginia,90365,jordan37@runte.com,test,"Scientist, biomedical","July 3, 2001"
Leone Murazik,F,1989-12-03,4862 Joy Causeway,Lake Sherree,Mississippi,18637,zachery58@hotmail.com,test,Dispensing optician,November 2001
Dr. Jewell Ryan,F,2002-12-09,689 Hyatt Row Suite 714,Port Arnoldo,Maine,91494,oyundt@whitecremin.com,test,Fitness centre manager,"September 25, 1970"
Joline Hirthe,M,1975-08-01,319 Kovacek Lights,Nanetteburgh,Michigan,58518,taurean77@yahoo.com,test,Lexicographer,05/13
Emiliano Considine,M,1991-04-03,40322 Hildegard Corners,Kshlerintown,Illinois,24309,iboyer@volkman.com,test,Accommodation manager,04/81
Georgie Boehm,F,1984-02-01,20226 Cherise Parkways Apt. 699,Walterfort,Mississippi,25608,qbrown@yahoo.com,test,"Research officer, government",05/91
Alvira Kunde MD,M,1990-06-24,45149 Emmerich Trace Apt. 027,Goldenshire,Hawaii,17063,harrie30@kulas.biz,test,Commissioning editor,03/14
Ismael Kreiger,M,2001-11-05,6282 Feest Pike Suite 927,West Woodroe,Missouri,78389,romaguera.ridge@heidenreich.com,test,Land,12/95
Marchello Balistreri,M,2014-10-25,24792 Tessa Center,Christiansenton,Connecticut,76765,infant.zboncak@hotmail.com,test,Industrial/product designer,March 2002
Chase Ortiz,F,1988-06-10,285 Smitham Haven Suite 033,Crissieview,Minnesota,43051,bailey.reed@funk.com,test,Trade mark attorney,"November 18, 2003"
Lyle Baumbach,M,2014-10-18,039 Merna Camp Apt. 363,Goodwintown,Utah,44623,collins.sunday@gmail.com,test,"Engineer, control and instrumentation",August 1979
Dr. Barrett Botsford,F,2000-04-09,284 Keri Gardens Suite 030,Cummingsfort,Oklahoma,30220,witting.ona@bode.com,test,Advertising account executive,"September 30, 1977"
Kiley Ullrich,F,1985-07-05,3433 Schmidt Village,Lake Elick,Montana,76825,nfarrell@schulist.info,test,"Teacher, primary school",May 1983
Carl Hilpert DDS,F,1970-07-22,131 Dustin Camp Apt. 209,Muhammadtown,Montana,82544,maddison05@russellabadie.com,test,Higher education careers adviser,"May 15, 1970"
Dr. Lucious Rogahn V,M,1991-04-16,18226 Crist Neck,Florenceland,Missouri,98027,nlebsack@hotmail.com,test,Fashion designer,Adipisci delectus.
Charles Skiles,M,1987-01-29,04888 Trina Ville Apt. 815,North Algernonport,Texas,02241,mmaggio@hotmail.com,test,"Engineer, materials",Sed consequatur in.
Mrs. Carson Torphy,F,2012-04-28,55747 Raynor View,Zemlakland,South Dakota,55650,rice.pearl@hotmail.com,test,Primary school teacher,04/04
Dr. Bulah Rogahn MD,M,1974-10-23,59962 Demarco Neck Apt. 429,Tommietown,North Dakota,57257,kfritsch@mosciski.net,test,Graphic designer,07/73
Darrell Conroy,M,1994-02-19,6377 Kris Hill Apt. 370,North Estella,Michigan,98612,watsica.rosann@gmail.com,test,Set designer,Ducimus eligendi et.
Dr. Ally Greenfelder DDS,F,1982-10-17,50690 Nicolas Forks,Astridberg,South Dakota,27923,bethzy.bruen@nitzschelakin.org,test,Tax inspector,Aut impedit culpa.
Masako Trantow PhD,M,2003-08-12,36445 Hansen Cliff,Mullermouth,Maine,56238,kathlyn.stark@runolfssontreutel.net,test,Operational researcher,03/16/1978
Pollie Boyer,F,1977-11-29,90012 Melvina Pines Apt. 616,South Campbellview,Kansas,10796,gsatterfield@bosco.net,test,Health service manager,In dolorum eum.
Bobbye Reynolds,F,1998-05-15,37337 Press Glen,Port Xander,Alaska,97963,fernando.harris@hotmail.com,test,Medical sales representative,Autem molestiae in.
Mrs. Marlene Stark DVM,F,2007-10-04,5642 Denesik Stream Apt. 520,Deshawnville,Massachusetts,82535,finley66@hotmail.com,test,Careers information officer,Molestiae optio.
Dr. Cooper Adams II,F,1988-05-04,96079 Senger Brook,East Kileyland,Michigan,22539,larue.tremblay@herman.com,test,Accommodation manager,2012-06-11
Idamae Cummerata,M,2013-06-04,74773 Opha Glen,North Jett,Nebraska,77149,lynsey03@hotmail.com,test,Health promotion specialist,Velit sapiente.
Hilmer Sawayn,F,1988-12-20,402 Reichel Landing,Durellchester,New Jersey,71885,pinkie.schultz@yahoo.com,test,Occupational psychologist,"August 16, 1973"
Antonina Daugherty,F,2005-08-18,79145 Schamberger Trail Suite 269,Hoegermouth,Virginia,64874,senger.lola@haley.com,test,Clinical molecular geneticist,10/26/1988
Ms. Laverna Nikolaus,M,1980-08-01,89410 Mell Falls Apt. 007,South Isaifort,Nevada,79730,jerde.kira@gmail.com,test,"Scientist, marine",Repellat quis ullam.
Finnegan Swaniawski,F,1971-03-29,03644 Upton Estate,West Gussie,Nevada,79624,aimee.rosenbaum@hartmann.com,test,Ecologist,Et enim accusantium.
Cathleen Rippin,M,2009-09-06,535 Terrell Meadows Apt. 222,Terrenceside,Delaware,92300,herman.marlen@block.info,test,"Biochemist, clinical",Reiciendis deserunt.
Fairy Metz,F,1980-08-31,3143 Padberg Camp,West Jaylenton,Kentucky,25526,howell.minoru@walter.org,test,Retail merchandiser,10/96
Alysia Fadel,F,2000-02-20,73538 Koch Lock Suite 250,Zboncakville,Rhode Island,38911,bennie80@yahoo.com,test,"Engineer, biomedical",10/93
Aleen Grimes,M,1996-11-20,571 Dickinson Ridge,Kymanimouth,Maine,19407,halley61@hotmail.com,test,IT technical support officer,03/85
Mr. Asa Leffler Jr.,M,1997-12-07,021 Collier Roads Suite 284,North Shaymouth,Louisiana,84541,morar.alfred@gmail.com,test,Tour manager,Qui qui aut et.
Ms. Dot Treutel DDS,F,1970-02-28,624 Tremblay Summit Suite 319,New Clell,Louisiana,90448,shedrick.kessler@gmail.com,test,Community pharmacist,02/07
Ms. Lady Nolan MD,F,1978-04-19,4535 Howell Station,New Vernelleshire,Virginia,56682,ctremblay@daniel.com,test,Adult nurse,January 1998
Mortimer Rutherford,F,2013-05-13,794 Satterfield Mountain Suite 552,North Alexandrea,North Dakota,36220,huels.hulda@hotmail.com,test,Set designer,06/11/2013
Ms. Dorothea Maggio DDS,M,1978-01-11,3731 Charlene Mission Suite 980,Hilllbury,Delaware,80682,emmerich.altha@bailey.com,test,Art therapist,2014-04-13
Elijah Beahan,M,1976-02-03,0420 Schaden Parkways,West Sharylland,New Hampshire,83394,yesenia63@gmail.com,test,Fisheries officer,09/77
Liddie Hackett DVM,M,1987-07-09,83108 Hayes Ridge Suite 301,Maynardville,South Dakota,03666,alvie.kertzmann@gmail.com,test,Set designer,01/13
Kizzie Rodriguez,M,1994-04-18,269 Venessa Island,North Myrtieton,South Dakota,49305,emmer.dickens@hellerjones.biz,test,Hospital pharmacist,Ducimus ea eum.
Nataly Mertz,F,1997-08-18,5864 Ely Garden Apt. 105,Virashire,Nebraska,88777,murphy.dominic@yahoo.com,test,Barrister,"June 22, 1995"
Mr. Quinn Emmerich,M,1985-05-03,0770 Damari Forks Apt. 287,Osborneburgh,Nevada,39623,river80@yahoo.com,test,Land,08/75
Rance Bogan,M,1986-11-24,2737 Funk Plains Apt. 466,Elenorborough,Montana,93113,tate.muller@hotmail.com,test,"Designer, jewellery",2005-11-14
Dr. Rolland Effertz,F,2006-03-15,473 Jewess Port,Port Kassiemouth,Oregon,53897,lovie60@kemmerkihn.com,test,"Scientist, research (medical)",Minus sit est.
Dr. Roderick Labadie MD,M,1995-04-17,10839 Katerina Shoals,Padbergville,Hawaii,96287,virgel87@gmail.com,test,Phytotherapist,1987-09-14
Chadrick Collier,M,2004-09-30,02353 Tito Plains Suite 336,Shirleeview,Oklahoma,37754,rylee.veum@yahoo.com,test,Multimedia specialist,03/01/2005
Knox Koch,F,2007-02-25,83182 Hortencia Meadow,Littletonport,Washington,98044,raiden.sipes@hotmail.com,test,Hydrographic surveyor,02/11/1982
Dolores Schiller PhD,M,1980-07-15,335 Miriah Isle Suite 658,Port Mabell,West Virginia,34712,wilhelmina.rolfson@denesik.com,test,Licensed conveyancer,Fugit quisquam.
Miss Nathaly Hirthe MD,M,1990-04-11,8644 Esperanza Gardens,Lake Kristiefort,Kansas,31202,hane.xavier@yahoo.com,test,"Presenter, broadcasting","June 20, 1976"
Lorenza Kling,F,2007-06-11,73676 Ilah Branch Apt. 022,Rauland,Georgia,22004,karly98@friesenzulauf.com,test,Intelligence analyst,2012-04-03
Bob Kuvalis,M,1987-05-08,0343 Gislason Junctions Suite 248,North Lukamouth,Wyoming,73643,maryam.ullrich@yahoo.com,test,Paramedic,Deserunt possimus.
Granville Hammes,F,2005-05-11,1550 Bernhard Drive Apt. 547,New Jarenland,Michigan,02087,saundra.stark@yahoo.com,test,Water engineer,07/03/2003
Aggie Schowalter,M,2009-08-08,653 Marchello Extensions,North Louie,Connecticut,84213,kuhlman.theda@gmail.com,test,Water engineer,May 1989
Miss Averi Kuvalis DVM,M,1971-11-28,325 Marnita Plain Suite 665,Kingshire,Rhode Island,93826,mann.joann@yahoo.com,test,Database administrator,Iste voluptatem et.
Maritza O'Connell,M,1973-01-13,55535 Lavina Ferry,Jacobsonhaven,Hawaii,77179,reynaldo49@yahoo.com,test,Multimedia programmer,03/13
Angella Jakubowski,M,1980-11-13,748 Benjiman Causeway,South Tremaynestad,Pennsylvania,84199,mirna.kohler@yahoo.com,test,Firefighter,"June 15, 1996"
Mr. Clayton Crist MD,F,1998-06-22,90471 Schmeler Canyon,Catheyton,Georgia,39121,effertz.shirl@parisian.com,test,Operational researcher,Ut est et et.
Hiroshi Schowalter,M,1995-08-29,49097 Nader Overpass,Lake Jasmin,Utah,59381,dakotah43@altenwerth.com,test,Personal assistant,Ex sit pariatur.
Joyce Anderson MD,M,1976-07-17,44758 Angel Trail,North Falon,Louisiana,58773,melba91@schusterhodkiewicz.com,test,"Accountant, chartered",2009-12-23
Magdalen Mohr,F,1976-10-06,1213 Dietrich Parkway Suite 668,West Aloma,South Carolina,69534,sandy88@yahoo.com,test,Textile designer,Facere cupiditate.
Miss Karyl Mann,F,1973-03-01,659 Deann Valley Apt. 169,Zulaufborough,Vermont,85549,true27@gradyleuschke.biz,test,"Investment banker, corporate",08/03/1988
Annika Leannon DVM,F,2005-12-11,067 Weber Shoals,Bechtelarside,West Virginia,21525,adrianne97@hotmail.com,test,Government social research officer,Alias mollitia.
Miss Caylee Leffler,M,1985-01-01,8366 Cori Circle Apt. 311,Roweport,Michigan,80687,makenna.kozey@romaguera.info,test,Child psychotherapist,05/91
Anthoney Wisoky,M,2007-06-21,60350 Keebler Forest,North Yvettechester,Ohio,44215,zwalter@gmail.com,test,Equality and diversity officer,Quia non voluptatem.
Antionette Rutherford,M,1977-01-07,0528 Schmeler Mall,Gutmannhaven,Utah,87427,robel.lindsey@hotmail.com,test,Building surveyor,Quod vitae.
Kaia McKenzie,F,2013-02-08,16008 Icey River Suite 216,South Heathville,Connecticut,94113,petra.hodkiewicz@littleoreilly.net,test,Banker,2008-08-02
Albertha Lemke,M,2008-10-17,38389 Leannon Lights,Brinleyborough,Colorado,33346,rayna94@ritchie.net,test,"Designer, interior/spatial",Itaque dolor.
Dr. Bennie Farrell,F,1994-09-25,7141 Addison Landing,West Earle,New Jersey,42306,kayley.mayer@gmail.com,test,Health service manager,July 2001
Vincenza Dach,F,1998-02-16,4682 Veum Avenue Suite 915,Kristieport,Kentucky,34501,dibbert.sussie@keeblergerlach.org,test,Stage manager,Quos qui.
Dr. Laquan Kris,M,2007-12-26,869 Little Grove,Collierland,Arkansas,45940,mertz.versa@schroeder.com,test,Occupational therapist,Itaque cupiditate.
Jabari Franecki,F,1989-08-22,41272 Koss Street,Skylerside,Rhode Island,57358,jacobson.murl@yahoo.com,test,"Librarian, academic",09/95
Ms. Merrilee Crona,M,1980-10-08,3101 Effertz Rapids,Blaiseburgh,Nevada,54110,wstark@hotmail.com,test,Local government officer,06/15
Paulette Stark,F,2000-12-21,117 Cap Manor Suite 936,Cletahaven,Tennessee,35081,wyatt.thompson@rosenbaum.net,test,"Engineer, land","December 12, 2010"
Edmond Rath II,F,1998-01-01,205 Balistreri Neck,East Bostonside,Iowa,28215,mia.crooks@gmail.com,test,Broadcast journalist,Culpa asperiores.
Ena Lueilwitz,M,2012-02-09,28175 Lowe Garden Apt. 909,Jaskolskihaven,Washington,74735,champlin.tess@schaden.info,test,Restaurant manager,September 1999
Tavares Kulas,M,1971-02-23,2232 Jacobson Avenue Apt. 645,New Fredport,New Jersey,35532,kbrakus@gmail.com,test,"Development worker, international aid",Commodi voluptatum.
Stasia Miller,M,2001-05-14,5394 Felecia Burgs Suite 737,New Anson,Washington,92950,sbraun@schroederbednar.org,test,Tax adviser,03/25/1973
Alisa Wuckert,F,1978-05-22,41420 Chrystal Groves,East Cristopher,Delaware,44058,agrimes@oconner.com,test,Commercial/residential surveyor,August 1971
Ferd Marquardt,M,1988-02-05,487 Sipes River,Demianburgh,West Virginia,46765,tmarvin@upton.biz,test,"Nurse, mental health",07/17/2008
Dustin Stracke II,M,1997-09-14,4512 Hahn Knoll Suite 218,Lyndiafurt,Maryland,90642,chessie80@jenkins.com,test,Electronics engineer,May 2011
Oney Mosciski,F,1971-07-23,8172 Zaid Manors Apt. 923,Shirliehaven,Texas,36451,iwilderman@gmail.com,test,Arboriculturist,07/06/1984
Deforest Schaden,M,2004-10-15,629 Schaden Greens,West Dereck,Idaho,46936,wheidenreich@gmail.com,test,Software engineer,09/81
Lauri Jacobi,F,1998-04-06,298 Kailee Loop Apt. 203,Justiceview,Michigan,97342,chandler71@yahoo.com,test,Systems analyst,Facere ut.
Cherrie Swaniawski,M,1985-06-11,38343 McKenzie Way,Marinatown,New Hampshire,58070,wwilderman@jones.com,test,"Surveyor, building control",01/05/2004
Lissie Deckow,F,2000-01-05,5340 Bogan Row Apt. 574,North Kaiya,New Mexico,14146,ingram28@kunde.com,test,"Surveyor, land/geomatics","March 10, 2013"
Cherryl Miller,F,2005-07-29,88096 Cyntha Plaza Apt. 563,South Alycebury,Indiana,58571,ahermann@cruickshank.info,test,Town planner,12/72
Margarite Boyer,M,1984-05-17,8796 Prentiss Knolls,Heribertofort,Nebraska,69200,carmine.ferry@gmail.com,test,"Engineer, electronics",1995-07-10
Dr. Lewis Zemlak DDS,M,2000-06-15,6840 Gaylord Shore,Kacieborough,Minnesota,95186,bergnaum.marguerite@hermann.net,test,Community development worker,05/06
Dr. Duane Cummerata,F,2014-06-28,116 Mahlon Isle Apt. 558,Ashlynshire,Wyoming,66785,moen.tennille@haag.com,test,Horticultural consultant,2005-06-20
Vernell Stehr,M,1975-04-20,746 Elgin Isle,Koeppfort,North Carolina,55940,nikolaus.simon@yahoo.com,test,Investment analyst,Aut tempore fuga.
Tyrese Rice DDS,F,1979-07-12,165 Clinton Drive,West Dannburgh,Hawaii,52245,qmetz@price.com,test,Travel agency manager,"March 16, 2014"
Akeem Jewess,F,1992-08-01,6386 Turner Ramp,New Martifort,Wyoming,35610,klesch@hotmail.com,test,Patent attorney,Ipsa ullam aliquam.
Maryellen Kuhic DDS,M,1978-08-24,38723 Dietrich Courts,West Giselleport,Washington,68916,len.farrell@prosaccowolff.com,test,Air broker,07/90
Sommer Treutel,M,1979-12-06,91407 Streich Plaza,West Helynberg,California,56443,wlegros@yahoo.com,test,Air cabin crew,07/11
Tamekia Wolff,F,2005-08-25,343 Parisian Flat Suite 313,Tremblayton,Florida,09740,elam.jerde@rippin.com,test,"Physicist, medical",Atque aut alias et.
Mr. Scott Yundt I,M,1972-09-30,122 Balistreri Mall Apt. 742,West Delilaburgh,Georgia,59682,senger.audy@yahoo.com,test,Landscape architect,Modi tenetur quas.
Janae Schimmel,F,2001-10-20,593 Kristan Flat,Cristobalfort,Michigan,04714,ludie06@yahoo.com,test,"Producer, television/film/video","December 6, 2005"
Mr. Loy McCullough I,M,1996-04-28,656 Anjali Road,North Kimber,New Jersey,06198,imcglynn@yahoo.com,test,"Social research officer, government",2005-06-26
Ferdinand Greenfelder,F,1979-12-03,757 Moore Motorway,West Michelview,Wyoming,37803,morn@hoeger.com,test,"Geologist, engineering",04/01
Janine Fahey,F,2013-03-08,2860 Beryl Route Apt. 528,East Hortenciamouth,Arizona,63484,egutkowski@bednar.org,test,"Education officer, community",December 1990
Deshaun Strosin,M,2004-12-04,76861 Ludie Manor Suite 727,Smithamchester,Virginia,70180,kiersten27@yahoo.com,test,Press photographer,12/11/1998
Hester Klein,M,2005-03-09,23679 Vandervort Parkways,Jordihaven,Maine,93115,lorne97@mills.org,test,Production manager,"August 16, 1991"
Wilkie Haag,M,2009-11-20,43436 Melissia Cape,New Palmaview,Rhode Island,76002,uvolkman@spencer.info,test,Forensic psychologist,Voluptates sint.
Mrs. Natalya Cartwright,M,2006-04-05,40029 Evette Shoals Apt. 680,North Marsh,Wyoming,09017,erowe@hotmail.com,test,"Administrator, Civil Service",August 2007
Jewel Ziemann DVM,M,1990-11-24,102 Quitzon Isle,West Linette,Hawaii,65867,randerson@yahoo.com,test,Haematologist,1990-01-27
Dr. Tyrin Mraz,M,2001-05-23,56826 Langosh Burg Apt. 195,Yusufton,New York,66639,pstehr@yahoo.com,test,Private music teacher,"October 12, 2005"
Madeline Von,M,2011-01-25,5555 Rice Rapids Apt. 037,Hillhaven,Missouri,78666,legros.gillie@grady.com,test,Control and instrumentation engineer,11/13/1997
Madden Auer,M,1990-04-12,8017 Cole Mall,Marvinchester,Michigan,66752,sharon34@morar.com,test,Event organiser,Labore perspiciatis.
Mrs. Chestina Kertzmann DVM,M,1996-09-07,81765 Moore Forest Apt. 583,Runolfsdottirview,South Carolina,58226,katheryn.schulist@klocko.biz,test,Trade mark attorney,"December 10, 1991"
Gilmer Hayes,M,1981-06-07,2322 Vaughn Falls Suite 396,West Isaak,Rhode Island,33925,cbins@leuschkebechtelar.com,test,Armed forces logistics/support/administrative officer,Ad sit ipsum.
Earlean Hagenes,M,1989-08-18,3468 Byrd Stream Apt. 836,East Octaviaberg,South Carolina,12728,matilde94@yahoo.com,test,Toxicologist,"December 4, 2011"
Kalie Langworth,M,1989-10-24,938 Irvine Street,North Lambert,Illinois,10326,lowe.akeem@hayesleffler.biz,test,Geoscientist,2013-08-22
Fitzhugh Rolfson DVM,M,1996-10-07,670 Bailey Avenue,North Janice,Connecticut,71241,joselin08@mitchellbreitenberg.org,test,Learning disability nurse,September 2008
Fronia Boyer,M,1988-08-13,0776 Spinka Spurs,New Dawneshire,Nevada,98543,marcy.little@thiel.com,test,"Scientist, research (physical sciences)",2007-06-07
Mr. Doll Connelly I,F,1987-10-13,55697 Maya Summit,South Drew,Rhode Island,44211,ecasper@bernier.org,test,Newspaper journalist,July 2002
Venus Schowalter DVM,F,2014-08-20,99108 Quitzon Route,East Tinnieville,Virginia,75256,robel.martha@gmail.com,test,Astronomer,April 2012
Kara Daugherty,M,1971-05-14,6928 Kohler Ranch,East Lucien,Ohio,40110,uziemann@reinger.com,test,Sales executive,11/03/1978
Bertie Swift,F,1986-04-28,443 Hattie Keys,Merlynside,Wyoming,73245,karina.veum@yahoo.com,test,Child psychotherapist,1974-02-12
Dawn Collins,F,1999-09-24,8780 Ethelene Alley Suite 882,South Salena,South Carolina,33673,mritchie@weimannleffler.net,test,Fisheries officer,October 1980
Mrs. Dorothea Balistreri MD,M,1972-05-27,351 Clem Stravenue,Mahlonside,Rhode Island,24508,pamelia.mayert@hoppe.info,test,"Pharmacist, community",September 1992
Drew Hills,M,1983-12-28,7766 Bednar Roads,Demondville,Tennessee,85154,schuster.sheena@doyle.com,test,Product/process development scientist,03/83
Leisha Cummings,M,1971-03-31,553 Myrtice Radial,Renitatown,Colorado,78893,wyman.abbott@hotmail.com,test,Glass blower/designer,March 2015
Vilma Olson,M,2001-05-07,69463 Kuvalis Brooks,Margrettville,Idaho,96784,qdickens@gmail.com,test,Community arts worker,Voluptate eveniet.
Macey Boyer,M,1975-11-06,1070 Lily Branch,East Letta,Missouri,50268,nikolaus.contina@gmail.com,test,"Buyer, retail",Quas ea ratione.
Vicky Hills MD,F,1987-08-04,9945 Daron Walks,Gislasonmouth,New Mexico,56073,little.archie@gmail.com,test,Chartered public finance accountant,Ducimus sed dolorem.
Paisley Ryan,M,1971-10-26,845 Cummings Turnpike Apt. 962,Luettgenhaven,New York,84173,strosin.myrtice@gmail.com,test,Quantity surveyor,Architecto qui.
Mrs. Manerva Abernathy DVM,F,1980-03-11,092 Okuneva Glens,Jerdestad,Idaho,07379,ortiz.rachelle@yahoo.com,test,Science writer,October 2009
Mrs. Yasmin Barton,M,1998-03-13,539 Kody Points,Port Donna,Delaware,88775,kourtney.hirthe@hoeger.biz,test,"Engineer, site",Magni saepe et.
Hurley Beatty V,F,1990-03-01,86138 Laurel Route Suite 983,West Randell,Arkansas,47486,ejaskolski@hotmail.com,test,Retail banker,October 1982
Michele Mills DDS,M,1996-01-06,03768 Johns Stravenue,Fayland,Utah,67307,zmayer@hotmail.com,test,"Librarian, academic",12/12
Winona Moore,F,1978-07-11,292 Welch Shoals Suite 958,Port Nakitaport,Nevada,01856,stanton.dorthey@hammes.com,test,Investment analyst,"May 16, 2004"
Miss Judie Ryan MD,M,1986-09-15,16969 Kaylene Mount Apt. 623,West Diya,Maryland,66661,rory10@yahoo.com,test,"Engineer, agricultural",Dolorum odit quis.
Tammie Mraz,F,2006-07-01,40292 West Haven Apt. 315,Port Amit,Wyoming,45401,marty.satterfield@yahoo.com,test,Financial manager,Autem numquam.
Mrs. Montana Paucek PhD,F,1973-08-18,16148 Harvy Ville,Lake Georgeann,Florida,74545,lebsack.retta@yundt.com,test,"Engineer, mining",Omnis vel aliquid.
Dr. Iona Satterfield DVM,F,1979-03-31,43841 Mandie Island,Anitrachester,Montana,43113,lindgren.lorean@moorehickle.com,test,General practice doctor,Quae delectus.
Magdalen Lang,F,1994-10-10,16117 Walker Row,East Sheilah,New Jersey,01696,stokes.hazle@gmail.com,test,Microbiologist,July 2013
Ardis Bailey,M,1984-04-30,339 Werner Branch Suite 641,West Mila,North Carolina,04148,roob.deborrah@runolfsdottir.com,test,Charity fundraiser,Sed in ut rerum.
Taja Kovacek,M,1985-01-22,06677 Winter Forest Suite 870,Schambergerborough,Michigan,42585,briley.parker@hotmail.com,test,Barrister's clerk,Nemo cumque.
Mr. Carmine Leannon,F,1987-12-18,3090 Beer Gardens Suite 395,Schmitthaven,Pennsylvania,92185,alta66@wintheiser.com,test,Clinical cytogeneticist,Vel tempore et.
Haven Kerluke,F,1997-09-07,87472 Wisozk Overpass Suite 422,Hyrumview,Oklahoma,17430,wright.murazik@oreilly.com,test,Health and safety inspector,10/14
Angelina Hansen,F,1994-01-11,1778 Liston Lakes Suite 221,Darianbury,Delaware,36601,lhessel@yahoo.com,test,Air traffic controller,Eligendi commodi.
Tessa Weissnat MD,F,2001-11-21,6527 Linda Common,Bergnaumview,Minnesota,75440,caydence.steuber@padberg.net,test,Air cabin crew,07/08/1977
Dink Glover,F,1983-05-22,8604 Hauck Estate Suite 457,Chandamouth,Michigan,83329,mgreenfelder@yahoo.com,test,Architect,"July 13, 2010"
Dr. Kendal Koss,M,1981-06-11,98254 D'Amore Vista,West Vikki,Alabama,48495,tristan50@toyschimmel.info,test,"Engineer, petroleum",October 2000
Dayle Wuckert,M,1993-11-19,41346 Lilian Key Suite 849,South Jalisaberg,Massachusetts,15043,faith80@hotmail.com,test,Trade union research officer,2006-10-04
Dr. Anibal Weimann,F,2008-01-07,15341 Noemie Garden,East Mckinley,Wisconsin,80919,pdamore@spencer.com,test,"Scientist, physiological",03/27/1981
Derald Schultz,M,1989-10-27,05759 Nallely Summit Suite 805,Sydneyhaven,California,72048,ashlyn.littel@hotmail.com,test,Special effects artist,1992-12-13
Dr. Malakai Herzog,F,1986-03-11,063 Maximus Square Suite 348,Lake Aloys,New Mexico,89767,marlie62@hotmail.com,test,Theatre director,"April 6, 1996"
Hilbert Hilpert,M,1993-12-13,236 Maximo Gateway Apt. 683,South Destiny,Arkansas,21524,virgie.rippin@schneider.info,test,Broadcast engineer,November 2010
Mr. Yael Hansen DDS,M,2007-05-21,63310 Orn Alley,Hoseaberg,Alabama,35275,brakus.breanne@yahoo.com,test,"Scientist, water quality",1984-07-31
Christ Cartwright,F,1978-01-28,0733 Rico Ford,Adriannafort,Ohio,72034,rempel.loring@yahoo.com,test,Diplomatic Services operational officer,Ut iste placeat.
Memphis Hodkiewicz,F,2015-03-28,30648 Arlen Square Apt. 156,East Jerel,Hawaii,95757,chas74@hotmail.com,test,Ecologist,Laboriosam unde.
Evangeline Gislason,F,1986-01-15,42833 Kaleigh Highway Suite 342,South Marielaport,New York,53184,kolby.kilback@yahoo.com,test,Armed forces technical officer,October 2009
Ricardo Cremin,M,1970-07-18,98643 Balistreri Road,Olenemouth,Tennessee,11946,hodkiewicz.zebulon@hotmail.com,test,Museum/gallery conservator,1993-06-26
Isam Will,M,1989-03-06,941 Lucia Fields,New Alesha,Wisconsin,96851,humberto26@mayer.net,test,Geophysical data processor,June 1980
Mr. Jonathan Pfeffer I,F,2006-04-18,1875 Arely Road,Zilpahton,South Carolina,06420,ondricka.oren@yahoo.com,test,Theme park manager,01/11
Ms. Alma Zulauf DDS,F,2011-06-08,7661 Franco Overpass,West Ravenmouth,New Hampshire,03813,fredie.collins@gmail.com,test,"Loss adjuster, chartered","January 9, 2002"
Dayle Beatty PhD,M,1987-11-24,47116 Kozey Pass,West Nathenburgh,Idaho,72303,aroberts@sanford.com,test,Sport and exercise psychologist,Vero accusantium.
Mrs. Lexie Lynch MD,M,1976-02-07,39637 Ismael Well,Averiborough,Virginia,94078,mills.babyboy@gmail.com,test,"Designer, exhibition/display",12/13
Dr. Lonie Goyette DDS,M,1985-11-14,66774 Sierra Path,Powlowskifort,New Hampshire,09679,parisian.vera@gmail.com,test,Learning mentor,Enim ab ipsam non.
Willis Grimes,M,2004-06-03,210 Johnson Vista,New Audrey,Florida,64811,pagac.judyth@bruenhand.com,test,Medical sales representative,1982-05-23
Mr. Murry Klocko III,F,1994-10-06,320 Dickinson Rapid,South Mayme,Maine,50554,amarquardt@gmail.com,test,"Administrator, arts",2005-07-31
Dr. Markel Connelly Jr.,F,1996-12-11,41582 Kohler Trafficway,East Remingtonmouth,Georgia,91125,umarquardt@daregusikowski.com,test,"Programmer, systems",A eum consectetur.
Azalee Monahan,M,2002-04-04,0679 Murazik Vista Apt. 744,Anissaton,Missouri,23943,duard90@gmail.com,test,Wellsite geologist,Repellendus.
Dr. Trevin Gulgowski,M,2003-07-03,99111 Beatty Harbor Suite 063,Jastland,Alaska,78401,hodkiewicz.bill@anderson.org,test,Location manager,Fugit maiores optio.
Miss Lavera Treutel MD,M,2000-03-25,755 Elwin Skyway Suite 790,Desiraeport,Arkansas,75404,masako40@daugherty.com,test,Audiological scientist,Sequi magni.
Lashawn Harris I,M,1999-03-21,57880 Torphy Roads Apt. 468,West Tyronehaven,Delaware,44315,ajones@yahoo.com,test,Senior tax professional/tax inspector,06/96
Burney Dicki,F,1977-06-05,4437 Funk Extensions,Jewessborough,Virginia,34848,saniyah00@yahoo.com,test,Fitness centre manager,May 2010
Madden Zulauf,M,2000-10-02,546 Oneal Cove,Port Leontine,Nevada,36966,hartmann.priscila@hotmail.com,test,"Investment banker, operational",February 2004
Miss Palma Fritsch DDS,F,2007-07-03,86673 Rolland Road,Onealberg,California,22679,ruecker.reid@yahoo.com,test,Purchasing manager,Quo quia et.
Tavon Grant,F,1978-03-05,49303 Towne Tunnel Apt. 107,Lake Shelton,Colorado,01473,dawn54@yahoo.com,test,Health and safety adviser,Tempora et unde.
Dr. Maliah Bayer MD,M,1986-10-25,795 Torphy Divide Apt. 694,Lake Glennastad,Utah,64418,shaag@yahoo.com,test,"Engineer, materials",07/17/1989
Kinsley Hettinger,F,2005-02-23,736 Gail Corners Apt. 790,New Mindamouth,Ohio,47920,marks.braxton@bergstrom.com,test,Artist,Vel vero voluptas.
Delaney Rodriguez,M,1971-12-12,8516 Keyshawn Locks Apt. 899,North Jorychester,California,57146,hahn.jenelle@anderson.com,test,Civil Service fast streamer,1988-08-13
Ms. Tayla Weimann,F,2007-02-18,4373 Gerhold Radial Apt. 072,McDermottborough,Nebraska,36413,canyon.bartoletti@hotmail.com,test,Charity officer,October 1994
Infant Herzog,F,1976-02-02,253 Gutmann Pass Suite 804,South Colonel,North Carolina,54733,terra53@hotmail.com,test,Set designer,November 1980
Jennings Prosacco,F,1993-04-03,27108 Ester Haven Apt. 674,New Lazaro,Hawaii,85728,timothy.harvey@gmail.com,test,"Copywriter, advertising",Quo qui rerum natus.
Irene Gleason,F,1974-03-23,9789 Allean Locks,East Nora,Idaho,82662,starling.considine@yahoo.com,test,Chiropractor,"April 9, 1994"
Shonna Wyman,M,2001-12-18,994 Ryan Ville,Willodeanberg,Washington,21130,jast.winston@harber.com,test,Product designer,08/98
Ralph Okuneva,F,1971-05-05,1065 Gaye Neck,North Damarion,Louisiana,28353,patsy53@hotmail.com,test,Systems analyst,Fuga ratione.
Lacey Mayer,F,1970-11-28,702 Gage Parkways Suite 460,Millerchester,South Carolina,39544,mariela.denesik@gmail.com,test,"Conservation officer, historic buildings",At sint recusandae.
Janie Ward,F,1995-05-11,3557 Lindsey Mountains,Port Keely,Maryland,61410,lashanda.volkman@yahoo.com,test,"Programmer, multimedia",February 1994
Dereck McCullough III,F,1997-12-08,84577 Kihn Plaza Suite 587,Cainville,South Carolina,15864,lawrance67@swaniawskikonopelski.com,test,Data processing manager,10/82
Terence Kuhic,M,2008-02-22,6261 Thiel Ridges Suite 523,Lake Lucinatown,Colorado,38456,tokeefe@hotmail.com,test,"Programmer, multimedia",03/92
Retta Beahan,M,2001-07-13,044 Hyatt Keys Suite 506,Legrosstad,Indiana,85029,lincoln.leannon@gmail.com,test,Financial adviser,"June 2, 1974"
Marlys Hessel,M,1987-02-02,8885 Janis Rue Suite 849,North General,Louisiana,96390,uveum@gmail.com,test,"Psychologist, sport and exercise",1993-08-04
Gilman Berge PhD,M,1972-05-30,968 Zaida Islands,Lake Mikaela,Kentucky,91132,marcelle30@yahoo.com,test,Print production planner,June 2010
Therese Turcotte,M,1985-04-12,604 Leffler Garden,South Delilah,North Carolina,62106,onie.okuneva@jenkins.com,test,Multimedia programmer,1990-05-10
Reginal Cruickshank,M,2012-05-13,100 Romaguera Vista,East Jasiahport,New York,24886,zaria.kautzer@gmail.com,test,"Engineer, production","April 5, 1994"
Dr. Gavyn Feil,F,1989-06-21,69148 Junior Island Suite 752,Lake Cathi,Mississippi,33598,hobert.bednar@gmail.com,test,Surgeon,Earum qui sint.
Dr. Concetta Weber,F,1970-08-19,354 Padberg Terrace,Lake Danyellhaven,North Carolina,76551,donovan72@hartmann.org,test,Animal nutritionist,Voluptas est in.
Shante Gislason,F,2008-02-03,0460 Dominick Land Suite 732,Trentenfurt,Missouri,63248,xhilpert@gmail.com,test,Town planner,07/96
Celie Haag,M,2003-11-30,582 Rosetta Ferry Suite 963,East Beliabury,Alabama,35058,berenice65@donnelly.biz,test,"Surveyor, rural practice",Id commodi impedit.
Hamp Spinka DVM,M,1994-01-12,56633 Schmidt Keys Apt. 324,DuBuqueburgh,Georgia,87713,oconner.vinie@yahoo.com,test,"Psychologist, counselling",04/10/1978
Ms. Cornie Jakubowski,M,1978-08-28,44099 Wisozk Groves Apt. 427,Schowalterton,Maine,92785,syed54@hotmail.com,test,Public affairs consultant,06/24/2001
Bridget Fritsch,F,1997-01-26,52626 Pacocha Mills Apt. 908,South Ferdchester,California,04428,linton05@sporerjakubowski.com,test,Oceanographer,11/78
Lynwood Nienow,F,2001-07-06,3924 Kwame Ramp,Lake Georgiana,West Virginia,46211,oberbrunner.glendon@schuppe.com,test,Hospital pharmacist,11/06/2012
Myrtle Kris,F,2004-02-20,66187 Markell Valleys,Bruenview,Texas,26509,ycarroll@hotmail.com,test,Medical illustrator,Cumque sed illum.
Al Kunde,F,1997-10-27,380 Ellie Road,Nayelyfurt,Virginia,12315,ndoyle@dietrichemard.com,test,Social researcher,April 1990
Dr. Buel Turner IV,F,1986-01-20,245 Conroy Hill Apt. 378,New Moirafort,Pennsylvania,09400,adrianna71@gmail.com,test,"Producer, television/film/video",October 1999
Yolonda Glover DVM,M,2012-12-23,669 Johnathon Path Apt. 501,Arlethshire,Indiana,47766,zwillms@hayesparker.biz,test,"Editor, film/video",10/12
Mr. Jermaine Langworth V,F,2011-04-26,306 Essa Skyway,Jonesfurt,Connecticut,48018,twatsica@yahoo.com,test,Equities trader,04/21/1978
Giovanni Romaguera,M,1994-11-27,04857 Nicolas Plaza,New Enzoport,Indiana,27124,rbreitenberg@gmail.com,test,Theatre manager,November 2006
Axel Casper,M,1976-03-10,78800 Johanna Green,North Sandyside,Massachusetts,70857,bedford.fadel@yahoo.com,test,Learning disability nurse,Fugiat maiores.
Simeon Considine DVM,F,1981-11-05,0758 Cosmo Pine Suite 418,West Citlalli,Michigan,59767,ocummerata@cole.net,test,Mudlogger,07/23/1972
Stacy Heidenreich,F,2004-11-17,853 Rippin Rue Apt. 394,New Ewellbury,Idaho,91405,delmer25@predovic.com,test,"Surveyor, building",Quam ipsa doloribus.
Braeden Casper,F,1971-05-04,052 Tia Ports,Port Harrisonburgh,Rhode Island,33559,pmclaughlin@hotmail.com,test,Chemical engineer,1973-04-24
Carolann Glover,F,1975-05-04,038 Shanahan Port Apt. 665,West Mildred,Georgia,93817,lulu.cassin@jacobi.info,test,Bonds trader,11/84
Marguerite Parker,M,1983-03-09,8083 Tiesha Spurs,Jasthaven,Florida,02129,kahlil.wilderman@yahoo.com,test,Industrial/product designer,Ipsum voluptatum.
Tiney Aufderhar,M,1988-07-18,21624 Margarita Freeway,Lake Latashashire,Montana,48842,fokuneva@hirthe.biz,test,Youth worker,March 1979
Kylene Heaney DDS,F,1984-02-04,5436 McLaughlin Garden,Josettemouth,South Dakota,45820,deforest.mills@cruickshank.com,test,Computer games developer,June 1970
Leslee Kuhn,F,1994-02-17,068 Stroman Plain,Schowalterburgh,Mississippi,19465,zack07@framigutkowski.com,test,"Librarian, public",1974-12-04
Maxie Walter,F,1991-10-16,86701 Bryana Plains,Noeltown,Alaska,80453,quitzon.braden@yahoo.com,test,"Education officer, environmental",02/90
Denice Williamson,F,1990-11-10,461 Fannye Terrace Apt. 475,New Greysonshire,Maryland,62846,parisian.brandi@gmail.com,test,"Engineer, agricultural",Sint quis fuga quia.
Dr. Kelton Renner,M,2005-02-19,773 King Pines Apt. 694,Streichfort,Nevada,34893,runte.cornelious@gmail.com,test,"Psychologist, clinical",10/70
Jude Bartell,F,1975-05-12,30446 Gottlieb Village,Watsicashire,New Mexico,37830,corrie05@wolf.net,test,Geoscientist,07/09/1980
Jillian Schimmel MD,F,1995-04-02,29579 Kirlin Route Apt. 378,Evonnehaven,New Hampshire,65774,earl10@gmail.com,test,"Psychologist, clinical",Et et delectus.
Miss Carolann Hettinger,F,1984-03-23,76885 Connelly Vista,Schmelerside,Maine,88405,michal41@towne.com,test,Dance movement psychotherapist,1975-12-21
Dr. Chin Osinski,M,1979-01-11,172 Fisher Forges,Wintheiserville,West Virginia,54763,walker.ebb@yahoo.com,test,"Designer, fashion/clothing",07/18/2011
Kendrick McDermott,M,1996-10-25,592 Halbert Overpass,New Byrdshire,Rhode Island,15162,pagac.jennifer@rosenbaum.com,test,"Engineer, electronics",Aperiam quasi.
Ida Rogahn,F,2013-04-06,2880 Keara Manors,Katelinton,Delaware,18230,lucinda26@hand.com,test,Best boy,"November 21, 1985"
Madelyn Hansen,F,1996-10-20,3775 Thelma Bypass Suite 345,Hilbertmouth,Maryland,90398,tromaguera@gmail.com,test,"Physicist, medical",Qui veniam enim.
Miss Kami Weber,M,1986-02-08,5583 Greenfelder Mill Apt. 697,West Katlinshire,New Jersey,70816,hbailey@ullrich.com,test,Hospital pharmacist,01/06/1982
Mr. Luigi Block V,M,2001-05-24,97040 Purdy Meadow Suite 520,West Laisha,South Carolina,54991,mosciski.tyrus@gmail.com,test,Forensic scientist,Molestias nisi esse.
Mr. Bradford Hansen MD,M,2011-10-13,41291 Schroeder Crescent,Lamontechester,Connecticut,23856,hhowe@corwin.com,test,Insurance risk surveyor,1984-10-14
Ms. Tabitha Legros,F,1994-06-28,6443 Alida Plaza Suite 659,Lake Adalberto,Iowa,02459,sonny95@gmail.com,test,Planning and development surveyor,April 1971
Zachery Tillman,M,2015-04-15,13958 Nader Gardens,Fisherport,Idaho,23825,vblanda@effertz.biz,test,General practice doctor,11/13
Jasen Crona,F,1997-08-06,24930 Veum Gateway Suite 108,Alexandertown,South Carolina,57469,jolie77@jast.com,test,Actor,2012-08-21
Ollie Stamm,M,2000-06-08,47930 Meta Oval Suite 321,Heidenreichhaven,Mississippi,48219,elby.reinger@lubowitz.com,test,"Lighting technician, broadcasting/film/video",11/25/1981
Ellis Von,M,1990-06-21,212 Senora Oval,Stammview,Nebraska,97025,nolie.rempel@hotmail.com,test,Theatre stage manager,November 2009
Isabelle Tillman,F,2010-06-09,4440 Leighton Spurs,East Warnershire,California,28321,koch.press@gmail.com,test,"Scientist, research (medical)","October 14, 1999"
Jacky Crona III,F,1988-10-06,997 Reichel Harbor Suite 906,Port Skyler,Illinois,89102,beverlee.jacobson@hartmann.org,test,Records manager,Ad minima nisi.
Elden Raynor,M,1985-11-21,2602 Effie Fords Apt. 555,Elliston,Oklahoma,60597,lynch.harve@carrollhowell.org,test,Theatre stage manager,Eaque at voluptatem.
Rosina Tremblay,F,2004-10-22,87102 Borer Union,North Alexzander,Iowa,69210,parisian.delmer@sporerkshlerin.info,test,Minerals surveyor,"January 21, 2015"
Dr. Ellsworth Langworth,M,2005-03-20,677 Conroy Common Apt. 633,Murryfort,Nevada,20129,cmosciski@willms.net,test,Town planner,Enim itaque.
Dr. Hershell Hoeger MD,F,2007-08-07,136 Adrian Tunnel,O'Keefefurt,Texas,60993,eupton@yahoo.com,test,"Conservation officer, nature",1971-04-05
Arlyne Jacobi,F,1984-04-20,15783 Aiyana Forest Suite 016,O'Haramouth,Maryland,06208,elarson@strosin.org,test,Special effects artist,Aliquam velit ea.
Joanie Herzog,F,2013-12-23,54037 Rutha Wells Suite 472,Lake Lavona,Louisiana,76064,clemence41@brekke.com,test,Geoscientist,Id voluptatem nobis.
Lelia Legros,F,1970-11-27,55633 Schuster Squares Apt. 369,Edmoniaview,South Carolina,69635,beier.tennie@powlowski.com,test,Immunologist,Rerum nesciunt.
Mr. Rashawn Treutel,F,1995-05-25,33264 Ondricka Gateway Apt. 089,Jackieshire,North Carolina,25495,rcassin@cartwright.com,test,Toxicologist,Quo sunt quia quasi.
Dr. Talen Beatty,M,2010-12-25,948 Juliann Spurs,Lake Arnav,Alaska,40903,mschiller@yahoo.com,test,Volunteer coordinator,August 1976
Glenwood Kovacek,M,1999-01-04,940 Johnson Glen Apt. 113,Lake Leland,Indiana,55131,cherise71@mclaughlinharber.com,test,Therapeutic radiographer,04/86
Deangelo Morar,F,2013-01-14,3280 Ebert Port,Mayertown,South Carolina,56625,dherzog@marvin.biz,test,"Engineer, control and instrumentation",May 2002
Salvador Hintz,F,1980-08-10,3325 Kohler Skyway Apt. 821,Torpborough,Nevada,89304,ubalistreri@bartell.com,test,Insurance risk surveyor,06/84
Gonzalo Okuneva,M,1983-03-14,06174 Claus Mountains,Port Darin,Georgia,41613,zemlak.mackenzie@gmail.com,test,"Teacher, secondary school",Est qui at tempore.
Link Nolan,M,1977-07-17,578 Kuhic Valley Apt. 748,North Kayleigh,Oregon,31171,jewess.ryland@baumbach.biz,test,Oceanographer,03/14
Edrie Goodwin,M,2005-09-30,06534 Fritsch Lake,Marnitaville,Louisiana,78308,tarik.schroeder@fadel.com,test,Dance movement psychotherapist,Et nostrum.
Bridger Kulas,F,1984-01-02,120 Baron Camp,Wizabury,Hawaii,44353,durgan.val@rau.com,test,"Therapist, occupational",1976-01-21
Dr. Stewart Donnelly,F,1999-12-15,944 Nolan Trail Apt. 991,Port Coraville,Texas,19703,nella.yost@yahoo.com,test,Civil Service administrator,May 1985
Tammie Luettgen,F,1978-05-18,7168 Kiehn Brook Apt. 962,Port Nicholauston,Louisiana,38678,tracy.keebler@gulgowski.com,test,Risk analyst,03/19/2001
Dr. Betty Schuppe,M,1997-03-30,03420 Breann Freeway,Hanemouth,North Dakota,19689,dglover@yahoo.com,test,"Engineer, civil (consulting)",Ullam at quo ut.
Opha Rosenbaum,F,1990-01-08,027 Tamela Stream,North Dejonview,Vermont,25856,roxana.zboncak@hotmail.com,test,"Accountant, chartered public finance","March 8, 1973"
Ruffin Yundt,F,1971-10-31,086 Sherryl Mews Suite 429,Latoyaborough,Michigan,95905,dorotha91@gmail.com,test,"Buyer, industrial",1973-11-08
Nicolas Pouros I,M,2009-02-19,60871 Coretta Estate Suite 974,Steuberhaven,South Carolina,42843,sawayn.quinn@larson.com,test,"Engineer, water","October 18, 1974"
Gilda Dicki DDS,F,2002-09-17,8888 Gabrielle Point Apt. 900,South Candacehaven,Mississippi,71762,udickens@gmail.com,test,Armed forces training and education officer,Ea dolorem libero.
Gladstone Stamm,F,1980-03-28,8515 Magan Hills,Hackettshire,Rhode Island,28055,pfeffer.bobbie@yahoo.com,test,English as a second language teacher,09/09/2011
Jazmin Fay,F,2003-09-14,798 Kirlin Passage,Charitystad,Tennessee,62172,betha.welch@yahoo.com,test,"Scientist, audiological",June 2000
Mr. Floyd Boehm,M,1998-02-06,05016 Stephen Meadow Suite 572,South Ivy,South Carolina,90101,abernathy.jodi@gmail.com,test,Human resources officer,"August 18, 2011"
Yetta Torp,M,2010-07-12,03187 Blaze Mall,Kingside,South Carolina,62085,tamera14@bartell.com,test,TEFL teacher,10/21/1999
Dr. Christi McGlynn DVM,M,1971-10-18,09506 Tobias Burgs,North Azul,Arizona,75343,grady.agusta@konopelskisteuber.info,test,Financial planner,March 1996
Lindbergh Kihn,M,1986-03-27,64132 Benji Burg Suite 593,West Shaniville,Louisiana,63236,kwuckert@yahoo.com,test,Set designer,Repellat id dolores.
Colette Towne,F,1998-12-23,3909 Unnamed Track,Lake Zander,Hawaii,38020,marvin.norberto@hotmail.com,test,Public librarian,"July 23, 2011"
Ivan Sawayn,M,1992-08-14,6119 Maureen Place,Emardhaven,Montana,26461,mitchell.rillie@hotmail.com,test,Technical brewer,"April 11, 1980"
Gideon Collier,M,1985-08-30,240 Berniece Light,Cyrilfurt,Oklahoma,39985,lkirlin@whiteaufderhar.net,test,Counsellor,2004-07-15
Travon Willms,M,1977-02-20,23714 Okuneva Lodge,Harvieport,Minnesota,02794,beer.rashaad@yahoo.com,test,"Optician, dispensing",May 2007
Isabelle Mante,F,1987-04-10,54234 Hortense View Apt. 998,Keeblerton,North Carolina,01028,yundt.euphemia@mckenzie.com,test,Health service manager,January 1973
Miss Malorie Larkin,M,1983-10-10,01761 Gulgowski Street Suite 635,Lubowitzton,Massachusetts,08860,gerardo61@hotmail.com,test,Race relations officer,10/13/2003
Tawana Ortiz PhD,M,1996-11-15,0894 Reichel Groves Suite 330,North Norwoodbury,West Virginia,37025,wwhite@gmail.com,test,IT consultant,Et excepturi error.
Jerimiah Jenkins V,M,1978-12-05,343 Pouros Squares Suite 230,Schummland,Kentucky,23005,nealy99@gmail.com,test,Architectural technologist,05/90
Jacquez Conn,F,1996-07-22,980 Olson Terrace Suite 826,New Lilla,North Dakota,08504,kamilah.adams@yahoo.com,test,Publishing copy,Et dolor voluptas.
Brandt Keeling,F,1982-01-01,50391 Windler Parkway Suite 881,Johnnieshire,Illinois,85570,cleone.nitzsche@gleason.com,test,"Designer, television/film set","January 28, 1995"
Miss Jerri Rutherford,F,1973-08-05,52579 Boyer Glen,East Montana,South Dakota,63707,amie40@bailey.com,test,Learning mentor,"February 23, 1991"
Fredy Ondricka,M,1988-03-10,687 Wiza Course,Handytown,Louisiana,76847,pouros.bettina@greengottlieb.com,test,Logistics and distribution manager,03/75
Annetta Ankunding,M,2014-07-24,31073 Tammi Streets Apt. 344,Bradtkemouth,Michigan,10387,doshie.bins@gmail.com,test,"Horticulturist, amenity",11/01/1996
Freeman Beahan,F,1971-12-24,776 Prince Highway,Gaylordtown,Washington,42363,eugenia.ondricka@yahoo.com,test,Radio broadcast assistant,April 1990
Joann Heidenreich,F,1971-11-02,6324 Carmen Dam,Bernhardfort,New York,95355,cade.cassin@pfeffer.org,test,"Engineer, manufacturing systems",Deleniti nesciunt.
Braulio Huel,M,1997-06-22,3310 Schulist Hill,Port Carynview,Michigan,98870,urippin@gmail.com,test,"Loss adjuster, chartered",April 1983
Ms. Tara Turcotte,F,1992-11-28,2393 Parisian Avenue Suite 415,Crooksfurt,New Hampshire,81868,donnelly.yolonda@yahoo.com,test,Broadcast engineer,Sit et ipsam.
Nikki Breitenberg,M,2001-07-11,298 Muller Junctions Suite 472,Monaville,Utah,90440,lang.le@collins.com,test,"Engineer, maintenance (IT)",02/81
Ms. Earlene Mayert DVM,M,1982-11-03,39352 Lorrie Well,Port Alla,Kansas,30378,karma.witting@frami.com,test,"Investment banker, corporate",08/96
Keifer Cruickshank,M,1973-01-31,63195 Handy Fall,West Trinidad,Virginia,47912,ala.bergstrom@hotmail.com,test,Advertising account planner,Accusantium.
Vikki Waelchi,F,1987-10-13,84403 Ebert Overpass Apt. 655,Altenwerthborough,New Mexico,80020,shamar.pfannerstill@schillerlowe.com,test,Nutritional therapist,Veritatis minima.
Lesley Stoltenberg,F,1971-04-02,16916 Gee Spur,Port Levabury,Idaho,22454,orunolfsson@gmail.com,test,Police officer,Est provident at.
Tessa Collier,F,1972-08-08,5641 Mendy Loaf,Mosciskiton,New Mexico,65058,cydney.considine@funkgoodwin.com,test,Field seismologist,Est quaerat omnis.
Elberta Jones,F,2007-11-16,42425 Randle View Suite 187,South Bosemouth,Georgia,03103,josephine42@yahoo.com,test,Magazine features editor,12/26/1984
Susanna Kutch,M,1971-04-06,5392 Schimmel Stream,East Adan,Louisiana,59897,zgoyette@hotmail.com,test,Lawyer,01/23/2000
Mr. Makai Hintz IV,M,2001-09-13,27648 Daron Oval Apt. 390,West Clarebury,Rhode Island,46830,pcollins@kulas.com,test,Operational researcher,Repellat officiis.
Bilal Kiehn,F,1998-02-12,787 Sanaa Lane,Erikhaven,Oklahoma,14885,jschowalter@connelly.com,test,"Scientist, research (physical sciences)",Asperiores nisi eum.
Seldon Casper,F,1981-10-15,0011 Icie Harbors,East Violetafurt,West Virginia,45631,dagny07@hotmail.com,test,Multimedia programmer,Quia sunt ipsa et.
Miss Dessie Mitchell,M,2005-01-27,17022 Edith Knoll,Vineybury,Arkansas,24499,alexande35@koch.biz,test,"Education officer, museum","January 21, 1973"
Atticus Johnston DDS,M,2001-07-17,2447 Tremblay Mountains,Croninville,Minnesota,23136,tayler47@gmail.com,test,"Designer, graphic",Fugit architecto.
Juliana Cronin,M,1997-06-17,74868 Grant Ridges,Bernardinebury,Delaware,67468,jewess.amare@feestfarrell.com,test,"Designer, blown glass/stained glass",Ut vitae in est.
Amanda Kemmer,M,2000-12-27,25511 Ennis Forges Suite 370,Chiquitafort,New York,65820,larae97@corwin.com,test,Exhibition designer,04/72
Josue Windler,M,2000-02-26,402 Adina Prairie,Lake Abbottfort,Michigan,56797,runolfsdottir.zana@hotmail.com,test,Politician's assistant,"November 7, 1979"
Rhea Kirlin,F,1976-12-29,67272 Muller Stream,Turcotteport,Oregon,56221,haag.wayman@hotmail.com,test,Optometrist,January 1992
Perry Gutmann,M,2004-03-02,00052 Harber Pass,South Marnitaberg,Michigan,46644,xena.watsica@kossjacobi.biz,test,"Designer, furniture","November 21, 1992"
Yolonda Kiehn,M,1981-09-28,81947 Anabelle Parks,Lake Mohamedshire,Utah,21322,bebert@heidenreich.info,test,Tour manager,04/23/1978
Lindell Douglas,F,1993-12-07,374 Emmitt Rapids Suite 591,Wisozkburgh,Kansas,37637,tbradtke@yahoo.com,test,Regulatory affairs officer,May 2014
Mr. Burdette Buckridge,M,2001-04-22,5402 Margarette Parks,Arlanstad,Texas,46967,marty.howe@dibbert.net,test,"Teacher, primary school","January 18, 1998"
Allyn Lynch II,F,1988-03-14,71301 Brakus Canyon,Port Monna,Maine,86998,billie93@yahoo.com,test,Landscape architect,02/03/2013
Esmeralda Stehr,M,1983-02-27,69257 Kovacek Road,Nikiaberg,Montana,14291,ahmad.green@mckenzie.biz,test,Civil Service fast streamer,January 1995
Dr. Markus Mosciski,M,2014-12-04,3528 Russel Drive,West Stanislaus,Wyoming,90885,kit.sanford@fisherwolf.biz,test,Trading standards officer,"March 24, 1996"
Mrs. Tiarra Legros,M,2006-12-25,35360 Schoen Squares,South Zola,Wyoming,35273,raynor.oley@hotmail.com,test,Press sub,Esse quam ut qui.
Carroll Schowalter,F,1991-11-23,594 Lani Shores Apt. 069,South Tamica,New York,15409,dooley.stacy@heathcotewehner.com,test,Meteorologist,"March 12, 1993"
Alvy Hirthe,M,1995-03-11,8457 Rondal Corner Apt. 904,South Elmertown,Alabama,61238,rosenbaum.miracle@keeblerfarrell.com,test,Accommodation manager,12/10/1985
Rohan Lindgren,M,1977-01-14,989 Vincenza Pine Apt. 199,Kochside,Florida,82158,collin20@yahoo.com,test,Toxicologist,Quia sunt est et.
Alferd Torp,F,1986-07-22,12679 Ryley Plain Suite 308,South Kerihaven,Pennsylvania,39985,howell.myles@heller.com,test,Catering manager,1981-07-04
Ms. Carmelita Huel,F,2008-11-14,206 Colby Walks Apt. 074,East Logan,New Hampshire,47871,hope39@gmail.com,test,Government social research officer,11/16/2005
Dr. Hilario Dickens DVM,M,1995-08-26,169 Genaro Extension,North Doshie,Alabama,20303,uryan@yahoo.com,test,Merchant navy officer,02/81
Layton Baumbach,F,2001-07-26,6054 Lynch Grove Apt. 175,Rolfsonmouth,Montana,39965,nmcclure@gmail.com,test,Adult guidance worker,October 2009
Osie Walsh,F,1996-11-01,98497 Zita Glens,South Corineport,Wisconsin,74267,darin.brekke@hilpertgreenfelder.biz,test,"Surveyor, planning and development",Ex eius voluptate.
Mrs. Sheridan Rodriguez MD,M,1973-03-11,6616 Bins Branch Apt. 292,Port Portiashire,Virginia,94921,lesch.letha@yahoo.com,test,"Production designer, theatre/television/film",July 1973
Bentley Gerhold,M,2014-08-17,42151 Hegmann Lodge Suite 857,South Dedrichaven,Pennsylvania,14206,whettinger@gmail.com,test,Recycling officer,2013-11-08
Chancy Russel,M,2005-12-15,8313 Kris Flat,Morarville,Utah,09414,kfunk@jewess.com,test,"Producer, television/film/video",September 1979
Ivah Bruen,F,1999-02-06,5352 Cain Causeway,Port Molly,Colorado,19575,willaim73@wuckertmccullough.net,test,Photographer,Et perspiciatis.
Darwin Sawayn Jr.,F,1979-06-07,489 Emard Divide,Barnettton,Virginia,12329,nzboncak@gutmannboyer.com,test,Fine artist,Inventore iusto.
Lonnie Pfeffer V,F,1988-07-28,35371 Rollie Unions Apt. 469,Klockofurt,Indiana,69302,towne.buford@runolfsdottirhowe.com,test,Special educational needs teacher,Labore magni sequi.
Unique O'Hara,M,1994-02-13,766 Kuvalis Corner Suite 288,Keelingfurt,Delaware,38223,kit16@yahoo.com,test,Pathologist,Laboriosam labore.
Debbra Morar,F,1992-04-30,77239 Lueilwitz Canyon,East Vannie,Arizona,73601,agerhold@yahoo.com,test,Fish farm manager,Iste tempore.
Algernon Hermann,F,1986-01-18,74305 Alva Light,Port Chynaton,Alabama,67296,whitney.terry@yahoo.com,test,"Runner, broadcasting/film/video","July 4, 1997"
Dr. Cyrus Goldner DDS,F,2005-09-05,912 Renaldo Island Apt. 548,McKenziehaven,Ohio,85949,dkiehn@hotmail.com,test,Historic buildings inspector/conservation officer,2002-08-31
Cherri Ward MD,M,1975-07-19,7476 Nolan Camp,Kautzerberg,Delaware,24098,karma99@streichbruen.com,test,Energy manager,"May 20, 1995"
Monna Gaylord,M,1975-11-14,11387 Rosabelle Crest Suite 162,Burdettebury,Wisconsin,41500,wmurray@yahoo.com,test,Oncologist,1992-05-12
Ancel Morar,M,2009-07-28,911 Blanda Inlet,Lucinafurt,Nevada,19118,kolton79@gmail.com,test,"Scientist, marine",June 2013
Kristen Runolfsdottir,M,2003-07-13,2958 Lebsack Ramp,Pacochamouth,Oregon,83851,lexi95@kuphal.com,test,Ambulance person,08/04/1998
Mr. Lavon Orn MD,M,1978-01-29,346 Karan Overpass Suite 093,South Colvin,Oklahoma,77012,darvin.bins@armstrong.org,test,"Engineer, civil (contracting)",1977-03-10
George Hyatt,F,1982-10-25,548 Janyce Orchard,West Price,Kansas,91593,iward@corwin.net,test,Tourist information centre manager,12/07
Goldia Goyette,F,1973-04-01,67127 Briley Parkway Suite 452,Hillardtown,Louisiana,22394,hope42@gorczanygreen.com,test,Printmaker,Reprehenderit porro.
Dr. Anthoney McLaughlin MD,M,1983-06-25,3415 Boyer Summit,Port Adellfurt,Montana,65701,hlabadie@quitzon.com,test,Research scientist (physical sciences),04/03/1998
Mrs. Adelina Bradtke,F,2014-05-27,56267 Ryan Parks Apt. 067,Fadelstad,Maine,04180,upouros@okuneva.biz,test,Biomedical engineer,08/76
Severo Homenick,M,2013-07-07,43625 Waelchi Street Apt. 046,Wilkinsonfort,Washington,17726,tori.farrell@hotmail.com,test,"Administrator, arts",March 1990
Dr. Haiden Schinner I,M,1985-07-03,0522 Delfina Inlet,East Joselyn,Texas,59203,barbra15@kertzmann.com,test,"Librarian, academic",04/74
Tommie Heaney,F,1977-09-30,72863 Nolan Track,Handtown,Nevada,40650,cassius.stroman@yahoo.com,test,Paramedic,10/10/2003
Sammie Tromp,F,2013-11-12,7391 Claudie Streets Apt. 869,Vanceland,Texas,27307,nikolaus.texie@jast.biz,test,Structural engineer,December 2000
Adrain Metz V,M,1981-01-23,16782 Kovacek Spur Apt. 906,South Delcie,North Carolina,86861,joette.ullrich@hotmail.com,test,Financial manager,1973-06-01
Kinley Anderson PhD,F,1988-10-07,17712 Terry Mountains,East Linnietown,California,50804,jordyn.bosco@marks.com,test,Analytical chemist,"July 7, 2005"
Solomon Bahringer,M,1985-03-09,35802 Beahan Harbor,South Yamiletside,Maine,00902,emerson.schiller@moore.com,test,Mudlogger,June 1990
Mr. Raphael Trantow,F,1979-09-10,2910 Crist Courts,West Pearlyfurt,Nebraska,07750,ereichert@ziemann.com,test,Database administrator,01/20/1995
Chancy Vandervort,M,1976-06-30,2619 Marks Radial Suite 688,East Giashire,Louisiana,17587,ublanda@hotmail.com,test,Water engineer,January 1980
Alto Paucek,F,1974-02-05,67380 Schaefer Overpass,West Alyviamouth,New York,67653,williamson.sarina@hammes.com,test,Solicitor,April 1971
Cheryl Grant,M,1984-03-07,7252 Cummerata Plaza Apt. 239,Aliciaview,Washington,76259,donnelly.cannie@gmail.com,test,"Surveyor, building control",07/02
Margene Graham DDS,M,1978-07-03,70130 Bayer Rue Apt. 108,Port Cass,Hawaii,58923,torp.laurel@schumm.com,test,Licensed conveyancer,Provident.
Ferman Watsica V,F,1971-04-22,1314 Heathcote Ports Suite 809,East Stevan,New York,71788,lueilwitz.shanon@hotmail.com,test,"Engineer, production",Quas qui similique.
Dr. Demarion Hyatt,M,1991-01-15,05821 Marnie Place,Erdmanside,Indiana,06599,rveum@hotmail.com,test,Health and safety adviser,Sit eos porro sunt.
Dr. Latasha Cremin,F,1992-11-16,94501 Keli Garden Suite 534,McDermottmouth,Vermont,42770,kassidy24@hotmail.com,test,Office manager,"June 24, 1987"
Delois O'Connell,F,1996-09-25,182 Korbin Road,Port Aidyn,Washington,52222,reno.corkery@braun.org,test,Ophthalmologist,Ea sed est labore.
Pratt Wiegand,F,2007-02-01,8966 Mayer River Suite 043,Stiedemannview,Montana,72068,bartoletti.ozella@jakubowskikiehn.net,test,Purchasing manager,October 1985
Maci Beier,F,1988-09-01,879 Von Burg Apt. 684,Lake Sherree,South Carolina,87203,irvine.prosacco@johns.com,test,Metallurgist,10/83
Booker Feest,M,2013-12-17,5946 Moore Village,Maymouth,Arizona,03374,ingeborg49@hotmail.com,test,"Engineer, biomedical","November 19, 1989"
Dr. Lora Hyatt IV,F,1979-09-07,19149 Smitham Drives,Jazmynemouth,Kentucky,27071,oreynolds@yahoo.com,test,"Engineer, control and instrumentation",1980-12-11
Dr. Julia Glover,F,1980-02-27,840 Angel Drives Apt. 973,South Rylan,North Carolina,70357,dion.labadie@jerde.biz,test,Clinical psychologist,In repudiandae.
Alphons Lesch,F,2010-06-27,286 Schinner Lake Suite 140,West Illya,Idaho,37044,mfranecki@streich.com,test,"Development worker, international aid",September 1981
Jase Durgan,M,1979-06-04,33648 Kuhlman Springs Apt. 051,Lake Towanda,Tennessee,74131,rempel.rosalie@harvey.net,test,Printmaker,10/21/2004
Alby Fahey,M,1970-01-19,9164 Doretha Glen Suite 883,South Gasper,Pennsylvania,48915,lsmitham@yahoo.com,test,Electrical engineer,Aliquam dolorem.
Rosella Gleason,F,1987-12-30,346 Leffler Trail,West Michalchester,Arizona,93491,moen.tatianna@monahan.com,test,Haematologist,July 2014
Antony Gerlach,F,2009-05-15,01790 Issac Road,South Dellia,West Virginia,26007,fkilback@reichel.info,test,Materials engineer,1976-08-14
Katelynn Schmitt,M,2008-07-20,3980 Reilly Mill Suite 969,North Erik,West Virginia,38347,cheyanne12@hotmail.com,test,Toxicologist,02/14/2004
Dr. Luster Denesik,F,1993-12-15,820 Rosenbaum Islands,Elbertshire,Oklahoma,65401,hardy45@hotmail.com,test,"Sales professional, IT","February 2, 2006"
Toriano Dach,M,2006-01-31,14775 Nicolas Burgs Apt. 900,Baumbachberg,Tennessee,51791,jacque.beahan@kling.com,test,Forest/woodland manager,09/13
Mrs. Meredith Bradtke MD,M,1981-01-24,41554 Schinner Hill,Toyton,Montana,50651,legros.lucero@yahoo.com,test,Civil Service fast streamer,April 1990
Marcus Monahan DDS,F,1983-03-31,404 Dock Green Apt. 654,Lake Chip,Colorado,86995,lavonia.stoltenberg@gmail.com,test,Health and safety adviser,1985-11-06
Dr. Deidre Runolfsson,M,2000-11-15,21036 Alonzo Squares,North Derltown,New Hampshire,66513,jaime.vandervort@gottlieb.info,test,"Engineer, petroleum",05/77
Mr. Rollin Legros,M,1976-04-01,66217 Russel Parkways Apt. 558,Emardville,Georgia,68564,dorcas.hayes@gmail.com,test,Housing manager/officer,Laudantium aut.
Teddy Barton,M,1975-05-17,9753 Runolfsson Rapid,Greenburgh,Mississippi,25885,lilia55@hotmail.com,test,Secondary school teacher,Aliquam commodi.
Mrs. Nelia Collier DVM,M,2007-10-29,0245 Bode Cliff,Johnyville,Massachusetts,37314,ntorphy@gmail.com,test,Film/video editor,Repellendus.
Robbie Thiel PhD,M,1975-02-03,096 Lois Meadow,South Crista,New Mexico,80814,kaleigh.dietrich@hotmail.com,test,"Conservator, furniture",Sunt sit suscipit.
Jeane Botsford,F,1979-03-20,48116 Loren Common Apt. 585,Harrisberg,Maryland,28791,jacobson.yaretzi@dibbert.com,test,Product designer,November 1978
Kayleen Kunze,M,1996-06-22,087 Denesik Lane,Matteoberg,Texas,22361,fritsch.yoel@jerdewintheiser.info,test,"Accountant, chartered management","June 29, 1970"
Etna Mayert,M,2005-05-15,3198 Neely Ranch,Pearleyland,Colorado,20979,eli80@buckridgerowe.com,test,Tourist information centre manager,08/94
Lacie Gislason,M,2001-08-07,15524 Zieme Mission,New Mai,Indiana,33388,skip17@schulistkunze.com,test,Medical illustrator,03/24/2004
Dr. Mellisa Wyman,F,1979-08-10,318 Barron Falls Suite 032,Buckridgehaven,Delaware,08073,cal.schimmel@hotmail.com,test,Public affairs consultant,January 1971
Mr. Cam Padberg,M,2011-02-16,029 Romaguera Court,Manntown,Nebraska,77000,georgina02@yahoo.com,test,Recycling officer,Quam adipisci fuga.
Dax Dickens,M,2004-11-04,5478 Stoltenberg Spurs Apt. 636,Brekkechester,New Mexico,26831,kirt40@kertzmann.info,test,Petroleum engineer,Nostrum voluptates.
Eddie Sauer,M,1995-05-20,137 Parker Passage Suite 357,Baxterview,Montana,78891,nrempel@jakubowski.net,test,Investment analyst,"August 7, 1974"
Mr. Edmond Christiansen Sr.,M,1972-12-13,0590 Koelpin Loaf,East Hanna,New Mexico,34177,corene77@windler.org,test,"Engineer, aeronautical","November 1, 2009"
Christen Smith,M,2012-10-11,63202 Angele Place,North Sherwin,Michigan,43038,herzog.tamisha@stoltenbergharvey.com,test,Database administrator,Rem quia molestias.
Luther Flatley,M,2005-12-14,73972 Windler Garden Apt. 975,Mozellberg,Tennessee,74421,mechelle.gutkowski@zulauf.biz,test,Land,Tenetur non quia.
Ethyle Reilly DDS,F,2007-04-18,183 Esco Corners,Lake Shafter,Vermont,65670,nehemiah.keebler@pfeffer.com,test,Financial controller,Ut accusamus et et.
Graves Breitenberg,M,1980-08-20,6818 Funk Fields,New Tobie,Virginia,84972,noel20@hegmann.biz,test,Planning and development surveyor,2014-07-25
Dr. Murphy Mitchell,M,1992-10-05,75007 Rolf Lake Apt. 305,Ortizport,Louisiana,28181,cecily93@yahoo.com,test,Equality and diversity officer,Officiis fugit ut.
Grady Satterfield,M,2010-08-15,025 Gleichner Roads Apt. 925,West Sylvia,Delaware,33742,botsford.hamp@gottlieb.net,test,Tree surgeon,Expedita expedita.
Adda Lind,M,1971-04-19,9574 Shelly Camp,East Hjalmarport,Maryland,46461,kendal38@hotmail.com,test,"Accountant, chartered certified",12/17/2002
Makaila Hilpert MD,F,1994-10-25,0079 Kozey Well Apt. 343,Lake Myra,Rhode Island,54401,champlin.hamza@gibson.org,test,Naval architect,"June 10, 1974"
Bryce Jones,M,1973-02-24,2488 Gerlach Lakes,Harvefurt,Illinois,62260,ruecker.besse@kessler.info,test,Fisheries officer,"August 28, 1999"
Ms. Erica Stracke,F,1977-01-09,62024 Wes Summit,Lake Franklyn,Minnesota,65549,ryundt@strackesawayn.com,test,Television floor manager,Consequatur quod ea.
Frankie Skiles,F,1998-05-26,3860 Todd Mall,Toneyhaven,Maine,60344,lamont.wyman@yahoo.com,test,Brewing technologist,05/30/1987
Fronia Hickle,M,1978-04-11,76872 Kilback Viaduct Apt. 722,Steuberberg,Massachusetts,72502,thaddeus14@hotmail.com,test,Higher education lecturer,1996-07-14
Mr. Gene Kassulke,F,1988-04-20,50223 Johnathon Union,Port Randolfmouth,Louisiana,41757,zswift@cormiergrant.com,test,Tree surgeon,1985-06-21
Imani Kub,F,2011-11-08,0904 Starr Meadows,Nikolausburgh,Maine,38515,cristin13@yahoo.com,test,Tourism officer,January 1998
Ilda Konopelski MD,F,1974-09-07,344 Dixon Gateway Suite 643,Hartmanntown,Washington,19538,shad.terry@yahoo.com,test,"Engineer, water",Quibusdam nobis aut.
Dr. Elijah Grimes III,M,2005-10-25,296 Hermiston Mountain Suite 649,Port Bamashire,Mississippi,04480,dkilback@gmail.com,test,Chiropodist,1997-07-24
Miss Drew Lubowitz MD,F,2004-02-28,443 Kenneth Shoals Apt. 660,Auerland,Connecticut,95289,runolfsson.haiden@yahoo.com,test,Social worker,2005-04-03
Alvah Lemke,F,1991-01-28,329 Darell Street,North Alaland,South Carolina,07468,morissette.rhona@sauer.info,test,Geophysicist/field seismologist,07/06
Dr. Malia Hessel DDS,M,1973-03-22,6564 Cristal Hills Apt. 025,Borisland,Kansas,51409,lang.justus@hotmail.com,test,Occupational therapist,1984-03-27
Junius Swaniawski,M,1977-10-02,60331 Inell Island,Gerlachland,Pennsylvania,25662,bheidenreich@stoltenberg.com,test,Adult guidance worker,Voluptas quo dolor.
Needham O'Conner,M,1976-10-15,54018 Monahan Brook Apt. 559,Ziemeview,Kansas,93367,lgleason@streich.com,test,Barrister,1971-10-02
Ewart Hilpert V,M,1998-06-09,801 Rogahn Gardens,Lake Landenside,Iowa,41655,ghand@oconnell.com,test,Microbiologist,September 2005
Adelynn Konopelski,M,1999-03-20,1163 Lucretia Springs Apt. 105,West Vicieside,Hawaii,04139,jast.stuart@strosin.info,test,Sport and exercise psychologist,Veritatis id fuga.
Coen Sanford II,M,1992-04-01,97674 Pfeffer Loop Suite 790,Denesikshire,Texas,14109,christiansen.norman@gmail.com,test,Advice worker,"December 4, 2012"
Hope Weber,F,1993-02-02,9878 Melvyn Plain Suite 773,Port Rosella,Florida,94681,roman.prosacco@sipes.com,test,Armed forces technical officer,"June 20, 1980"
Tilman Langosh DVM,M,1995-12-10,70422 Rodriguez Vista Suite 927,North Jorge,Indiana,53672,boyer.tyquan@purdymarquardt.com,test,Multimedia programmer,11/02/1992
Torrence Schoen,M,1974-10-01,619 Tromp Trafficway Suite 576,Hyattmouth,New Mexico,86193,lotta.farrell@rutherford.net,test,Artist,Rem corrupti eaque.
Zechariah Cole,M,1997-08-02,6947 Dach Rest,Briellechester,Utah,22464,jovany01@fadel.com,test,"Programmer, multimedia",Nostrum ut.
Achsah Jast,M,1973-10-20,496 Salomon Shores Suite 069,Mertzstad,Missouri,23046,turner.monnie@gmail.com,test,Product/process development scientist,1980-11-29
Enola Kuhic,M,1976-07-11,218 Rettie Groves Suite 079,Leschchester,Iowa,81034,louisiana.lueilwitz@spinka.com,test,"Development worker, international aid",Eos qui dignissimos.
Ms. Rosabelle Weber DDS,F,1990-10-28,8348 Larue Divide,New Tyraside,South Carolina,03815,samantha.strosin@yahoo.com,test,Banker,Autem et tempora.
Nanci Jenkins,M,1993-12-20,87347 Kahlil Garden Apt. 993,Lake Audyland,Iowa,57258,akira39@stracke.com,test,Sales promotion account executive,Quia molestias.
Mansfield Schroeder,M,2007-09-10,8459 Kiehn Garden,West Bev,Florida,04178,zwyman@gmail.com,test,Community education officer,Explicabo ducimus.
Mr. Burt Hilll V,M,1996-07-10,25659 Jones Drive Apt. 130,Port Adelynnmouth,Arizona,34496,agoodwin@langosh.net,test,"Psychologist, sport and exercise",04/06/1984
Ms. Jayda Anderson MD,F,1971-03-20,29034 Toma Port Apt. 366,Beerton,North Dakota,90144,zcummings@greenholt.org,test,Education administrator,Doloribus ut quia.
Milissa Berge,M,2005-07-26,8852 Aufderhar Estate,Kristianmouth,Indiana,03532,hudson.britni@oharabeier.com,test,Web designer,01/94
Jann Altenwerth MD,M,1993-05-16,7462 Jair Corners Apt. 399,West Maymeburgh,Pennsylvania,57581,tbecker@yahoo.com,test,"Therapist, occupational",October 1993
Merlyn Barton,M,1991-11-18,5548 Bashirian Estate Suite 942,New Alfredo,Oregon,59708,kip.schultz@yahoo.com,test,Horticultural consultant,02/22/2002
Debbra Abbott MD,M,1988-01-01,33591 Rosenbaum Keys,South Mariah,Colorado,63357,chimere.bartell@hotmail.com,test,Animal technologist,"April 10, 2003"
Rasheed Quigley,F,1996-03-12,37425 Kadyn Square,Stromanland,Florida,27192,stephan36@feest.com,test,Armed forces training and education officer,09/23/1970
Sunny Fadel PhD,F,2002-10-12,635 Lennon Valleys Apt. 148,Sloaneville,Iowa,72031,sanford.hershell@hotmail.com,test,"Embryologist, clinical",Est nostrum enim.
Nolia Blanda,M,1977-02-23,76089 Cassin Inlet Apt. 218,Cartwrightside,Indiana,15698,rhett.rodriguez@hotmail.com,test,"Surveyor, rural practice",Consectetur quas in.
Manda Conn,M,2001-10-18,63040 Bode Common Suite 471,New Biddiefort,Michigan,32436,halbert48@yahoo.com,test,Technical brewer,July 1987
Hollis Dach,M,1980-01-06,15408 Schaefer Roads,Bodeton,Alabama,62661,deasia.leuschke@thompson.com,test,Sub,November 1992
Ms. Neha Bradtke DDS,F,2012-02-07,9467 Neha Branch Suite 388,Haliside,Maryland,20694,cullen.greenfelder@zieme.net,test,"Teacher, secondary school",Ut aliquid cumque.
Stefan Heidenreich,M,1989-07-08,0839 Dosia Centers,East Victor,Massachusetts,24103,murphy.nikolai@hoegerosinski.biz,test,Stage manager,2004-12-03
Antwan Jacobson,M,2000-08-19,568 Lowe Lock Apt. 248,Johanaberg,Indiana,00737,renard57@hotmail.com,test,Horticultural therapist,2003-12-21
Miss Christena Hermann,M,1976-02-10,2874 Ava Rapids Apt. 562,Thielfort,Hawaii,21296,tsawayn@hotmail.com,test,"Nurse, learning disability",May 2013
Annabelle Price,F,1981-10-01,87783 Trevon Overpass Suite 579,O'Reillyfurt,New Hampshire,83806,shaylee55@heaney.info,test,Legal secretary,08/84
Loran West,F,1975-07-25,025 Mante Stream Apt. 005,New Jordon,Minnesota,98877,dfeest@hotmail.com,test,"Lighting technician, broadcasting/film/video",August 1999
Rhonda Muller,M,2000-10-13,20540 Albertus Circle,New Antoinetown,Alabama,58118,yamilet.pagac@hotmail.com,test,Fashion designer,June 1977
Mr. Benton Waters,F,1992-09-28,7247 Purdy Villages Suite 828,Lockmanstad,Virginia,92191,gshields@yahoo.com,test,"Surveyor, minerals",05/80
Linton Nienow,F,1982-01-20,64075 Bridgette Ville Suite 055,Taurusborough,Mississippi,24423,marolyn38@yahoo.com,test,"Loss adjuster, chartered",Neque accusantium.
Darius Daniel,F,2010-05-17,878 Mante Point Apt. 201,Pourosville,Iowa,30169,antionette28@gmail.com,test,"Buyer, retail",August 1973
Nevada Nicolas,F,1995-08-22,88736 Delora Pass,Lake Raheemside,Massachusetts,04155,leopold.halvorson@hotmail.com,test,Forensic scientist,1997-12-12
Roxie Feil,M,1994-04-27,2733 Lind Trafficway Apt. 948,Gerlachshire,Vermont,63965,antionette67@gmail.com,test,"Research officer, government",03/80
Mr. Jonas Lowe V,F,2009-03-04,728 Schumm Cliff Suite 091,Reingerbury,Minnesota,72705,wcole@bergechristiansen.org,test,Oncologist,02/93
Mackenzie Hudson,M,1991-04-22,09735 Fatima Crest,North Isomhaven,Illinois,61459,zjaskolski@hotmail.com,test,Actor,Iusto quae maxime.
Asha Kautzer,F,1976-05-26,097 Evander Tunnel,Port Bowman,Kansas,41205,bethel83@turcotte.com,test,Operational investment banker,1985-07-25
Elvina Littel DVM,F,2005-03-08,6420 Toy Creek Suite 572,North Tamikoville,West Virginia,91423,tahj23@terry.org,test,Financial planner,July 1982
Evans Crist,M,2014-04-09,865 Tracie Crossing Suite 408,Lanniemouth,Maine,54604,auer.sybilla@yahoo.com,test,Forensic psychologist,01/91
Luc Stanton,M,2000-09-28,780 Tracey Shores,Port Ingerberg,Kentucky,32622,cgrimes@hotmail.com,test,"Surveyor, land/geomatics",In eos dolores.
Janice Ritchie,F,2010-08-24,2895 Toy Vista,Hagenesberg,Alabama,45286,mgerlach@pfefferheller.com,test,"Geologist, engineering",Similique illum.
Sheryll Hermiston,F,1985-09-07,6847 Hickle Forest Suite 778,East Latoya,Nevada,19831,haylie.bartoletti@yahoo.com,test,"Designer, exhibition/display","July 24, 1978"
Mr. Clemmie Ledner PhD,F,2008-10-22,751 Epifanio Forks,Amandastad,Rhode Island,22341,hermiston.affie@wolf.biz,test,Special effects artist,1999-04-22
Dr. Mortimer Schumm,M,1970-12-21,3778 Jules Forges,Port Ildaton,Minnesota,23887,stella.prosacco@hotmail.com,test,Veterinary surgeon,Quo unde cupiditate.
Dr. Leah Runte,F,1981-03-03,844 Brande Summit,South Cecelia,North Carolina,29057,mackenzie.ondricka@dibbert.com,test,Armed forces training and education officer,September 2005
Lora Bailey,M,1992-01-15,4008 Heathcote Motorway Apt. 825,Murrayport,Kansas,02872,mario.sanford@hotmail.com,test,Government social research officer,05/25/2012
Claude Crooks,M,1985-05-01,8252 Alyssa Fork,West Doctor,Utah,05100,feest.dedric@vonrueden.com,test,Public house manager,05/78
Wendy Stamm,F,1971-01-31,678 Cummerata Ports,South Earlie,Indiana,46778,darrion04@millerjohnson.com,test,Insurance claims handler,October 1989
Amya Cole,F,1979-09-12,014 Cronin Mill Apt. 823,Jamiville,Minnesota,29392,lgoodwin@zemlak.info,test,"Exhibitions officer, museum/gallery",1999-07-16
Ms. Tinie Funk,M,2014-08-15,254 Gusikowski Mission,Victorianomouth,Louisiana,85940,destinee.abernathy@hartmann.com,test,Arts administrator,12/26/1977
Robt Kuvalis,M,1997-10-07,574 Mosciski Harbor,Orvelshire,Utah,41342,rath.aura@ondricka.com,test,"Designer, industrial/product",Omnis molestiae.
Dr. Christion Klein MD,F,2003-06-17,2669 Lawton Roads,New Gearldberg,Illinois,82329,schowalter.diya@mcdermott.com,test,"Nurse, adult",October 1988
Toby Moore MD,M,1982-05-27,341 Dayna Locks,Paytonmouth,New Mexico,47868,gayla.simonis@rice.com,test,"Accountant, chartered management","April 5, 1973"
Dr. Huy Zemlak DDS,F,2000-11-15,319 Jayde Prairie,Lake Daren,Indiana,05319,steuber.tracey@yahoo.com,test,Sales promotion account executive,"July 21, 1979"
Butch Anderson,F,1980-02-09,603 Lylah Burgs,North Merle,Massachusetts,47780,brittnay.maggio@harveyherman.com,test,"Surveyor, minerals",1983-02-01
Bea Collier,M,2014-09-25,166 Elinore Junction,Fleetborough,Arkansas,38259,hubert70@hackettrolfson.com,test,"Horticulturist, commercial","May 12, 2005"
Ms. Noemie Kunde,F,2002-11-19,703 Pat Ports Apt. 122,South Marleen,North Dakota,25112,cgreen@yahoo.com,test,Quarry manager,1990-04-22
Joseluis Littel,M,1993-01-10,728 Stokes Island,Admiralmouth,Tennessee,94561,nicky.tromp@yahoo.com,test,"Scientist, audiological",August 1995
Mr. Andres Moore,F,1991-09-24,7495 Jerde Hollow Apt. 177,Lake Tyrinside,Rhode Island,56396,lind.hunter@donnelly.com,test,Naval architect,2010-03-07
Charlie Goldner,F,2008-03-26,00647 Tilman Mall Apt. 111,Port Lilla,Indiana,47652,britny.durgan@bayer.net,test,IT trainer,March 1982
Yahir Lubowitz MD,F,1971-10-17,4276 Lolla Islands,New Whitneyberg,Maine,10467,isam.hahn@torphy.com,test,Airline pilot,Quia commodi sunt.
Cooper McCullough,F,2014-07-31,37664 Schmeler Ports,Lake Killianmouth,New Jersey,44221,kaylan.kub@gmail.com,test,"Surveyor, planning and development",11/78
Taylor Lemke,F,1983-10-07,55742 Torp Curve Apt. 404,Lake Haliehaven,Rhode Island,96924,mcglynn.corie@rau.com,test,Solicitor,"January 13, 1984"
Baker Stiedemann,M,1973-09-11,11811 Garry Village Apt. 780,New Marcellomouth,Michigan,35602,cali72@hotmail.com,test,Wellsite geologist,February 2001
Mikaela Braun,M,1980-01-11,460 Lowe Village Apt. 657,Port Piperland,Kansas,59533,ymclaughlin@yahoo.com,test,"Programmer, systems",Cupiditate quaerat.
Rufus Boyer,F,1978-05-31,8350 Bergstrom Knolls,Timothyfort,Hawaii,25370,les.nolan@feestemard.net,test,Estate manager/land agent,Qui officiis beatae.
Campbell Runte,M,2010-02-21,442 Shayla Points,Christenville,Hawaii,70409,blanda.rosemary@wisozk.com,test,"Librarian, academic",1976-05-17
Rigoberto Jakubowski,F,1994-12-22,961 Deedee Valleys,Port Halchester,California,44483,bosco.adeline@gmail.com,test,"Designer, television/film set",Est nulla sapiente.
Lular Jakubowski,F,2000-01-19,2574 Marely Square Suite 320,Parkerbury,Massachusetts,55676,kdibbert@hotmail.com,test,Sales promotion account executive,Similique.
Miss Cristal Bartoletti PhD,M,1997-01-19,82806 Brandee Burgs,Kuhlmanport,Texas,68833,ridge.damore@hotmail.com,test,"Civil engineer, consulting",Tempore soluta.
Gladstone Stiedemann,M,1995-06-04,628 Laura Burg,Schultzshire,North Dakota,73912,burrel42@yahoo.com,test,Music tutor,1998-03-05
Nina Ruecker,M,1984-01-18,426 Oliver Rue,West Colonelside,Oregon,84960,weldon33@schimmelkuvalis.com,test,Museum/gallery conservator,"August 7, 1982"
Orrie Stark,F,1970-11-09,21833 Edsel Mountains Apt. 919,West Vernaborough,New York,04749,breitenberg.lucero@gmail.com,test,Holiday representative,09/73
Deborah Dooley,F,1977-10-22,01149 Ondricka Ramp Apt. 159,Yostfurt,Alabama,18507,kerrie10@torp.com,test,Waste management officer,Ducimus recusandae.
Dr. Rolando Johnston I,M,1977-11-15,1624 Kenyon Trail Apt. 603,Kintetown,Vermont,98456,elton.kautzer@kessler.net,test,"Nurse, mental health",Est perspiciatis.
Volney Howell,F,2007-08-25,05037 Luca Manors Suite 362,West Pamellastad,Georgia,09361,jfeest@gulgowskistrosin.info,test,Electrical engineer,June 1980
Addisyn Hettinger,F,1971-09-08,883 Graham Lodge,North Clement,South Carolina,13931,gibson.efrem@hotmail.com,test,Health physicist,December 1989
Lewis Lockman,F,1975-07-10,774 Norita Locks Apt. 834,Lake Lanetteborough,Texas,97159,jarrell37@gutkowski.com,test,Pension scheme manager,March 1991
Marquise Heaney DDS,M,1999-08-17,504 Bruno Estates,South Titus,Tennessee,67357,little.dorine@baumbach.info,test,Senior tax professional/tax inspector,01/98
Landan Bergstrom,F,1974-04-19,810 Botsford Junctions Suite 956,Port Tilden,Wyoming,86828,pwitting@rice.com,test,Careers information officer,Iste quia beatae a.
Cason Hartmann,M,1980-10-01,152 Marnie Crest,Port Griffin,West Virginia,44941,colonel24@wehnerhauck.biz,test,Publishing rights manager,"August 1, 2013"
Nanie Dooley PhD,F,2000-12-14,30689 Loring Street,West Elwood,Colorado,45262,von.katarina@yahoo.com,test,"Designer, television/film set",Sequi ut explicabo.
Dr. Jeraldine Ward,F,2006-07-05,3912 Asbury Meadow Apt. 577,East Brentmouth,Ohio,03565,hyatt.donnell@hotmail.com,test,Herbalist,"February 8, 1987"
Dr. Lamont Jenkins,M,1980-02-20,9705 Sylas Manor,Lake Jaylee,Hawaii,60842,tracey.goyette@hotmail.com,test,Warehouse manager,Molestiae.
Mrs. Jewel Kertzmann DDS,M,1991-03-31,35870 Eden Junction,Port Kalvinbury,Nevada,38917,gaylord.kemmer@gmail.com,test,"Engineer, agricultural",December 1997
Bjorn Bernier,F,1997-03-21,789 Harvey Summit,Ravenmouth,Maryland,74350,mueller.amara@gmail.com,test,Diplomatic Services operational officer,"April 14, 1984"
Dr. Montie Jerde,M,1983-11-03,678 Jacobson Flat Suite 810,Daretown,Tennessee,95357,ariella28@anderson.info,test,"Surveyor, mining","September 6, 2011"
Miss Lolita Huel DVM,F,2009-11-16,79564 Ransom Locks,Leticiaview,Missouri,19702,dschmitt@yahoo.com,test,"Education officer, environmental",06/10
Shelvie Stoltenberg DVM,F,2014-05-04,279 Garold Shoal,Smithamside,Kansas,71024,mbreitenberg@hotmail.com,test,Hydrographic surveyor,"November 22, 1992"
Madaline Gislason,F,1980-10-21,2553 Edison Point,Lake Zavionmouth,West Virginia,41655,kuphal.carli@ritchie.com,test,Forensic scientist,Officia vel unde.
Miss Jenniffer Kohler DVM,F,1986-01-24,90003 Lilie Mountains Apt. 151,Durganborough,Mississippi,43242,nicklaus.feil@kreigerbarton.com,test,Ecologist,03/13
Florencio Murray,F,1980-02-19,810 Beer Forge,Yundtview,Alaska,64112,sturner@gmail.com,test,Learning disability nurse,Est magni culpa.
Aida Wehner,M,1986-08-11,05192 Bogan Underpass Suite 754,Coleland,Nevada,09991,mauricio14@hammes.info,test,Water engineer,Eum voluptatem quis.
Brigitte Haley,F,1978-01-01,1956 Dayton Circles,Port Ebbiemouth,Georgia,11861,fvon@wolffmcglynn.com,test,"Administrator, sports",May 1987
